processInstanceId,stateName,startDate,endDate
2926,Início,2025-02-10 19:04:46,2025-02-10 19:04:46
2926,Classificar Irregularidade,2025-02-10 19:04:46,2025-02-10 19:06:34
2926,Levantar os Fatos,2025-02-10 19:06:34,2025-02-10 19:33:03
2926,Definir Medida Corretiva,2025-02-10 19:33:03,2025-02-10 19:33:35
2926,Fim,,
2925,Início,2025-02-10 18:49:35,2025-02-10 18:49:35
2925,Classificar Irregularidade,2025-02-10 18:49:35,2025-02-10 19:45:25
2925,Levantar os Fatos,2025-02-10 19:45:25,2025-02-10 19:46:39
2925,Definir Medida Corretiva,2025-02-10 19:46:39,2025-02-10 19:47:26
2925,Fim,,
2902,Início,2025-02-10 15:17:19,2025-02-10 15:17:19
2902,Classificar Irregularidade,2025-02-10 15:17:19,
2902,Classificar Irregularidade,2025-02-10 15:17:19,
2901,Início,2025-02-10 14:57:43,2025-02-10 14:57:43
2901,Classificar Irregularidade,2025-02-10 14:57:43,
2900,Início,2025-02-10 14:51:49,2025-02-10 14:51:49
2900,Classificar Irregularidade,2025-02-10 14:51:49,
2833,Início,2025-02-07 15:45:28,2025-02-07 15:45:28
2833,Classificar Irregularidade,2025-02-07 15:45:28,
2832,Início,2025-02-07 15:36:19,2025-02-07 15:36:20
2832,Classificar Irregularidade,2025-02-07 15:36:20,2025-02-07 19:39:02
2832,Levantar os Fatos,2025-02-07 19:39:02,
2778,Início,2025-02-06 18:18:24,2025-02-06 18:18:24
2778,Classificar Irregularidade,2025-02-06 18:18:24,2025-02-06 18:30:21
2778,Levantar os Fatos,2025-02-06 18:30:21,2025-02-06 18:35:52
2778,Realizar Parecer Jurídico,2025-02-06 18:35:52,2025-02-07 19:37:16
2778,Realizar Parecer Técnico,2025-02-06 18:35:52,2025-02-07 21:30:54
2778,Definir Medida Corretiva,2025-02-07 21:30:54,2025-02-09 18:07:37
2778,Definir Medida Corretiva,2025-02-10 17:50:58,2025-02-10 17:58:28
2778,Definir Medida Corretiva,2025-02-10 18:00:35,2025-02-10 18:11:37
2778,Classificar Irregularidade,2025-02-10 18:00:35,2025-02-10 18:12:19
2778,Levantar os Fatos,2025-02-10 18:12:19,2025-02-10 18:13:14
2778,Realizar Parecer Técnico,2025-02-10 18:13:14,2025-02-10 18:14:19
2778,Definir Medida Corretiva,2025-02-10 18:14:19,2025-02-10 18:16:41
2778,Classificar Irregularidade,2025-02-10 18:14:19,2025-02-10 18:22:47
2778,Definir Medida Corretiva,2025-02-10 18:14:19,2025-02-10 19:40:22
2754,Início,2025-02-05 20:38:37,2025-02-05 20:38:38
2754,Classificar Irregularidade,2025-02-05 20:38:38,2025-02-07 19:35:57
2754,Levantar os Fatos,2025-02-07 19:35:57,
2717,Início,2025-02-04 20:23:33,2025-02-04 20:23:34
2717,Classificar Irregularidade,2025-02-04 20:23:34,2025-02-04 20:25:51
2717,Levantar os Fatos,2025-02-04 20:25:51,2025-02-05 11:39:10
2717,Classificar Irregularidade,2025-02-04 20:25:51,2025-02-05 11:47:26
2717,Levantar os Fatos,2025-02-05 11:47:26,2025-02-05 11:55:12
2717,Realizar Parecer Jurídico,2025-02-05 11:55:12,2025-02-07 18:53:44
2717,Definir Medida Corretiva,2025-02-07 18:53:44,2025-02-07 20:14:46
2717,Levantar os Fatos,2025-02-07 18:53:44,2025-02-07 20:24:30
2717,Realizar Parecer Técnico,2025-02-07 20:24:30,
2664,Início,2025-02-03 21:51:59,2025-02-03 21:52:00
2664,Classificar Irregularidade,2025-02-03 21:52:00,2025-02-10 19:15:51
2664,Levantar os Fatos,2025-02-10 19:15:51,2025-02-10 20:39:31
2664,Definir Medida Corretiva,2025-02-10 20:39:31,2025-02-10 20:48:26
2664,Classificar Irregularidade,2025-02-10 20:39:31,2025-02-10 20:49:04
2664,Levantar os Fatos,2025-02-10 20:49:04,2025-02-10 20:49:42
2664,Definir Medida Corretiva,2025-02-10 20:49:42,2025-02-10 20:52:26
2664,Fim,,
2654,Início,2025-02-03 20:04:05,2025-02-03 20:04:05
2654,Classificar Irregularidade,2025-02-03 20:04:05,2025-02-03 20:28:20
2654,Levantar os Fatos,2025-02-03 20:28:20,
2647,Início,2025-02-03 19:41:56,2025-02-03 19:41:56
2647,Classificar Irregularidade,2025-02-03 19:41:56,2025-02-04 13:53:00
2647,Levantar os Fatos,2025-02-04 13:53:00,2025-02-04 14:35:56
2647,Início,2025-02-04 14:35:56,2025-02-04 14:37:25
2647,Classificar Irregularidade,2025-02-04 14:37:25,2025-02-04 14:47:35
2647,Levantar os Fatos,2025-02-04 14:47:35,2025-02-06 20:02:34
2647,Definir Medida Corretiva,2025-02-06 20:02:34,2025-02-06 20:25:39
2647,Fim,,
2633,Início,2025-02-03 18:49:18,2025-02-03 18:49:19
2633,Classificar Irregularidade,2025-02-03 18:49:19,
2633,Classificar Irregularidade,2025-02-03 18:49:19,2025-02-03 19:04:40
2612,Início,2025-02-01 13:03:40,2025-02-01 13:03:40
2612,Classificar Irregularidade,2025-02-01 13:03:40,2025-02-07 19:33:37
2612,Levantar os Fatos,2025-02-07 19:33:37,
2611,Início,2025-01-31 22:40:36,2025-01-31 22:40:36
2611,Classificar Irregularidade,2025-01-31 22:40:36,2025-02-07 19:30:42
2611,Levantar os Fatos,2025-02-07 19:30:42,
2607,Início,2025-01-31 20:19:09,2025-01-31 20:19:10
2607,Classificar Irregularidade,2025-01-31 20:19:10,2025-02-07 13:05:30
2607,Levantar os Fatos,2025-02-07 13:05:30,
2583,Início,2025-01-31 11:07:03,2025-01-31 11:07:04
2583,Classificar Irregularidade,2025-01-31 11:07:04,
2581,Início,2025-01-30 21:34:32,2025-01-30 21:34:32
2581,Classificar Irregularidade,2025-01-30 21:34:33,2025-01-30 21:50:13
2581,Início,2025-01-30 21:50:13,2025-01-30 21:54:03
2581,Classificar Irregularidade,2025-01-30 21:54:03,2025-02-07 13:01:59
2581,Levantar os Fatos,2025-02-07 13:01:59,
2420,Início,2025-01-24 14:30:14,2025-01-24 14:55:30
2420,Classificar Irregularidade,2025-01-24 14:55:30,2025-01-24 17:47:11
2420,Levantar os Fatos,2025-01-24 17:47:11,2025-01-24 20:18:03
2420,Realizar Parecer Técnico,2025-01-24 20:18:03,2025-01-29 20:35:35
2420,Definir Medida Corretiva,2025-01-29 20:35:35,2025-01-29 20:46:46
2420,Fim,,
2417,Início,2025-01-24 13:53:21,2025-01-24 13:53:21
2417,Classificar Irregularidade,2025-01-24 13:53:21,2025-01-24 13:59:29
2417,Levantar os Fatos,2025-01-24 13:59:29,2025-01-24 14:04:40
2417,Realizar Parecer Técnico,2025-01-24 14:04:41,2025-01-24 14:10:47
2417,Início,2025-01-24 14:10:47,2025-01-24 14:33:34
2375,Início,2025-01-23 14:43:54,2025-01-23 14:43:54
2375,Classificar Irregularidade,2025-01-23 14:43:54,2025-01-23 14:53:51
2375,Levantar os Fatos,2025-01-23 14:53:51,2025-01-23 15:17:23
2375,Definir Medida Corretiva,2025-01-23 15:17:23,2025-01-23 15:18:17
2375,Fim,,
2336,Início,2025-01-22 15:05:57,2025-01-22 15:05:57
2336,Classificar Irregularidade,2025-01-22 15:05:57,2025-01-24 11:17:07
2336,Levantar os Fatos,2025-01-24 11:17:07,2025-01-24 11:23:53
2336,Definir Medida Corretiva,2025-01-24 11:23:53,2025-01-24 12:04:25
2336,Fim,,
2301,Início,2025-01-21 19:17:42,2025-01-21 19:17:42
2301,Classificar Irregularidade,2025-01-21 19:17:42,2025-01-21 19:31:59
2301,Levantar os Fatos,2025-01-21 19:31:59,2025-01-21 20:22:41
2301,Definir Medida Corretiva,2025-01-21 20:22:42,2025-01-21 20:45:10
2301,Classificar Irregularidade,2025-01-21 20:22:42,2025-01-21 20:45:51
2301,Levantar os Fatos,2025-01-21 20:45:51,2025-01-21 20:46:21
2301,Definir Medida Corretiva,2025-01-21 20:46:21,2025-01-21 20:53:25
2301,Fim,,
2293,Início,2025-01-21 15:01:25,2025-01-21 15:01:25
2293,Classificar Irregularidade,2025-01-21 15:01:25,2025-01-21 15:24:02
2293,Levantar os Fatos,2025-01-21 15:24:02,
2251,Início,2025-01-20 17:34:16,2025-01-20 17:34:16
2251,Classificar Irregularidade,2025-01-20 17:34:16,2025-01-20 17:35:27
2251,Levantar os Fatos,2025-01-20 17:35:27,2025-01-20 17:40:27
2251,Definir Medida Corretiva,2025-01-20 17:40:27,2025-01-20 17:48:17
2251,Classificar Irregularidade,2025-01-20 17:40:27,2025-01-20 17:51:41
2251,Levantar os Fatos,2025-01-20 17:51:41,2025-01-20 17:53:08
2251,Definir Medida Corretiva,2025-01-20 17:53:08,2025-01-20 17:53:40
2251,Fim,,
2226,Início,2025-01-17 18:40:29,2025-01-17 18:40:29
2226,Classificar Irregularidade,2025-01-17 18:40:29,2025-01-20 13:57:27
2226,Levantar os Fatos,2025-01-20 13:57:27,2025-01-20 13:58:41
2226,Definir Medida Corretiva,2025-01-20 13:58:41,2025-01-21 12:02:15
2226,Classificar Irregularidade,2025-01-20 13:58:41,2025-01-21 12:03:52
2226,Levantar os Fatos,2025-01-21 12:03:52,2025-01-21 12:04:47
2226,Definir Medida Corretiva,2025-01-21 12:04:47,2025-01-21 12:07:27
2226,Classificar Irregularidade,2025-01-21 12:04:47,2025-01-21 12:09:45
2226,Levantar os Fatos,2025-01-21 12:09:45,2025-01-21 12:10:41
2226,Definir Medida Corretiva,2025-01-21 12:10:41,2025-01-21 12:13:38
2226,Fim,,
2217,Início,2025-01-17 14:53:53,2025-01-17 14:53:53
2217,Classificar Irregularidade,2025-01-17 14:53:53,2025-01-17 14:56:50
2217,Levantar os Fatos,2025-01-17 14:56:50,2025-01-17 15:04:57
2217,Definir Medida Corretiva,2025-01-17 15:04:57,2025-01-17 17:40:15
2217,Classificar Irregularidade,2025-01-17 15:04:57,2025-01-17 18:09:47
2217,Levantar os Fatos,2025-01-17 18:09:47,2025-01-17 18:11:58
2217,Definir Medida Corretiva,2025-01-17 18:11:58,2025-01-17 18:12:36
2217,Fim,,
2214,Início,2025-01-17 14:26:16,2025-01-17 14:26:16
2214,Classificar Irregularidade,2025-01-17 14:26:16,2025-01-17 14:28:25
2214,Levantar os Fatos,2025-01-17 14:28:25,2025-01-17 14:31:58
2214,Realizar Parecer Jurídico,2025-01-17 14:31:58,2025-01-17 20:33:58
2214,Definir Medida Corretiva,2025-01-17 20:33:58,2025-01-17 20:35:16
2214,Fim,,
2199,Início,2025-01-16 22:47:08,2025-01-16 22:47:09
2199,Classificar Irregularidade,2025-01-16 22:47:09,2025-01-16 22:48:21
2199,Levantar os Fatos,2025-01-16 22:48:21,2025-01-16 22:49:19
2199,Realizar Parecer Jurídico,2025-01-16 22:49:19,2025-01-22 19:27:08
2199,Definir Medida Corretiva,2025-01-22 19:27:11,2025-01-23 12:37:43
2199,Definir Medida Corretiva,2025-01-23 14:41:06,2025-01-23 18:07:09
2199,Definir Medida Corretiva,2025-01-23 18:27:09,2025-01-24 21:58:32
2199,Fim,,
2175,Início,2025-01-16 18:23:13,2025-01-16 18:23:13
2175,Classificar Irregularidade,2025-01-16 18:23:13,2025-01-16 19:39:01
2175,Início,2025-01-16 19:39:01,2025-01-16 19:44:23
2170,Início,2025-01-16 15:42:14,2025-01-16 15:42:14
2170,Classificar Irregularidade,2025-01-16 15:42:14,2025-01-16 17:37:55
2170,Levantar os Fatos,2025-01-16 17:37:55,2025-01-16 17:39:27
2170,Definir Medida Corretiva,2025-01-16 17:39:27,
2107,Início,2025-01-15 12:37:09,2025-01-15 12:37:10
2107,Classificar Irregularidade,2025-01-15 12:37:10,2025-01-17 16:45:44
2107,Levantar os Fatos,2025-01-17 16:45:44,2025-01-17 19:33:06
2107,Definir Medida Corretiva,2025-01-17 19:33:06,2025-01-22 14:17:24
2107,Classificar Irregularidade,2025-01-17 19:33:06,2025-01-22 14:20:40
2107,Levantar os Fatos,2025-01-22 14:20:40,2025-01-22 14:21:26
2107,Definir Medida Corretiva,2025-01-22 14:21:26,2025-01-22 14:43:27
2107,Fim,,
2042,Início,2025-01-13 18:36:18,2025-01-13 18:36:18
2042,Classificar Irregularidade,2025-01-13 18:36:18,2025-01-13 18:36:37
2023,Início,2025-01-13 14:51:48,2025-01-13 18:31:36
2023,Classificar Irregularidade,2025-01-13 18:31:36,2025-01-13 18:36:54
2023,Levantar os Fatos,2025-01-13 18:36:54,2025-01-20 18:23:46
2023,Definir Medida Corretiva,2025-01-20 18:23:46,2025-01-20 18:31:50
2023,Levantar os Fatos,2025-01-20 18:23:46,2025-01-20 18:38:54
2023,Realizar Parecer Jurídico,2025-01-20 18:38:54,2025-01-21 20:05:26
2023,Definir Medida Corretiva,2025-01-21 20:05:26,2025-01-23 13:23:51
2023,Fim,,
2011,Início,2025-01-11 15:09:21,
2010,Início,2025-01-11 12:00:30,2025-01-11 12:55:05
2010,Classificar Irregularidade,2025-01-11 12:55:05,2025-01-11 13:11:20
2010,Levantar os Fatos,2025-01-11 13:11:20,2025-01-11 13:31:16
2010,Definir Medida Corretiva,2025-01-11 13:31:16,2025-01-13 12:30:36
2010,Classificar Irregularidade,2025-01-11 13:31:16,2025-01-13 12:45:51
2010,Levantar os Fatos,2025-01-13 12:45:51,2025-01-13 12:46:53
2010,Realizar Parecer Jurídico,2025-01-13 12:46:53,2025-01-16 12:12:52
2010,Definir Medida Corretiva,2025-01-16 12:12:53,2025-01-16 12:15:56
2010,Fim,,
1959,Início,2025-01-09 22:19:06,2025-01-09 22:19:06
1959,Classificar Irregularidade,2025-01-09 22:19:06,2025-01-10 21:44:12
1959,Levantar os Fatos,2025-01-10 21:44:12,2025-01-10 21:45:19
1959,Realizar Parecer Jurídico,2025-01-10 21:45:19,2025-01-14 14:44:36
1959,Realizar Parecer Jurídico,2025-01-10 21:45:19,2025-01-14 14:55:56
1959,Realizar Parecer Jurídico,2025-01-10 21:45:19,2025-01-14 15:16:32
1959,Definir Medida Corretiva,2025-01-14 15:16:32,2025-01-16 15:13:04
1959,Definir Medida Corretiva,2025-01-16 18:46:02,2025-01-17 15:24:50
1959,Definir Medida Corretiva,2025-01-17 17:44:19,2025-01-17 20:23:10
1959,Definir Medida Corretiva,2025-01-17 20:36:33,2025-01-17 20:37:47
1959,Definir Medida Corretiva,2025-01-17 20:36:33,2025-01-17 20:38:57
1959,Levantar os Fatos,2025-01-17 20:36:33,2025-01-17 20:55:59
1959,Realizar Parecer Jurídico,2025-01-17 20:55:59,2025-01-17 20:57:31
1959,Definir Medida Corretiva,2025-01-17 20:57:31,2025-01-17 20:58:13
1959,Fim,,
1958,Início,2025-01-09 21:55:43,2025-01-09 21:55:43
1958,Classificar Irregularidade,2025-01-09 21:55:43,2025-01-10 15:39:32
1958,Levantar os Fatos,2025-01-10 15:39:32,2025-01-10 15:41:28
1958,Realizar Parecer Jurídico,2025-01-10 15:41:28,2025-01-10 18:07:25
1958,Definir Medida Corretiva,2025-01-10 18:07:25,2025-01-14 14:44:36
1958,Definir Medida Corretiva,2025-01-10 18:07:25,2025-01-14 14:55:56
1958,Definir Medida Corretiva,2025-01-10 18:07:25,2025-01-14 15:11:19
1958,Fim,,
1921,Início,2025-01-09 18:50:52,2025-01-09 18:50:52
1921,Classificar Irregularidade,2025-01-09 18:50:52,2025-01-09 18:52:32
1921,Levantar os Fatos,2025-01-09 18:52:32,2025-01-09 19:35:54
1921,Realizar Parecer Jurídico,2025-01-09 19:35:54,2025-01-16 12:37:24
1921,Definir Medida Corretiva,2025-01-16 12:37:24,2025-01-16 12:38:06
1921,Definir Medida Corretiva,2025-01-16 14:38:30,2025-01-16 18:55:43
1921,Fim,,
1919,Início,2025-01-09 18:36:17,2025-01-09 18:36:17
1919,Classificar Irregularidade,2025-01-09 18:36:17,2025-01-09 18:38:06
1919,Levantar os Fatos,2025-01-09 18:38:06,2025-01-09 18:38:53
1919,Definir Medida Corretiva,2025-01-09 18:38:53,2025-01-09 18:39:31
1917,Início,2025-01-09 18:33:55,2025-01-09 18:33:55
1917,Classificar Irregularidade,2025-01-09 18:33:55,2025-01-09 18:34:06
1847,Início,2025-01-08 20:04:26,2025-01-08 20:04:27
1847,Classificar Irregularidade,2025-01-08 20:04:27,2025-01-08 20:08:27
1847,Levantar os Fatos,2025-01-08 20:08:27,2025-01-08 20:37:49
1847,Realizar Parecer Jurídico,2025-01-08 20:37:49,2025-01-16 12:27:13
1847,Definir Medida Corretiva,2025-01-16 12:27:13,2025-01-16 12:28:09
1847,Fim,,
1817,Início,2025-01-08 13:41:47,2025-01-08 13:41:50
1817,Classificar Irregularidade,2025-01-08 13:41:50,2025-01-08 13:48:15
1817,Levantar os Fatos,2025-01-08 13:48:15,2025-01-08 13:57:39
1817,Definir Medida Corretiva,2025-01-08 13:57:39,2025-01-14 14:52:47
1817,Fim,,
1805,Início,2025-01-08 11:03:28,2025-01-08 11:25:19
1805,Classificar Irregularidade,2025-01-08 11:25:19,2025-01-08 12:42:39
1805,Levantar os Fatos,2025-01-08 12:42:39,2025-01-08 12:49:53
1794,Início,2025-01-07 20:03:14,2025-01-07 20:03:14
1794,Classificar Irregularidade,2025-01-07 20:03:14,2025-01-07 20:05:45
1794,Levantar os Fatos,2025-01-07 20:05:45,2025-01-07 20:19:07
1794,Realizar Parecer Técnico,2025-01-07 20:19:07,2025-01-07 20:23:41
1794,Definir Medida Corretiva,2025-01-07 20:23:41,2025-01-07 20:24:24
1794,Fim,,
1760,Início,2025-01-07 13:53:58,2025-01-07 13:53:58
1760,Classificar Irregularidade,2025-01-07 13:53:58,2025-01-07 13:57:35
1760,Levantar os Fatos,2025-01-07 13:57:35,2025-01-07 15:11:55
1760,Realizar Parecer Técnico,2025-01-07 15:11:55,2025-01-07 15:15:11
1760,Definir Medida Corretiva,2025-01-07 15:15:11,2025-01-07 15:16:37
1760,Fim,,
1753,Início,2025-01-07 12:33:42,2025-01-07 12:33:43
1753,Classificar Irregularidade,2025-01-07 12:33:43,2025-01-07 12:43:51
1753,Levantar os Fatos,2025-01-07 12:43:51,2025-01-07 12:58:56
1753,Definir Medida Corretiva,2025-01-07 12:58:56,2025-01-07 13:24:38
1753,Fim,,
1721,Início,2025-01-06 19:22:44,2025-01-06 19:22:45
1721,Classificar Irregularidade,2025-01-06 19:22:45,2025-01-06 19:26:28
1721,Levantar os Fatos,2025-01-06 19:26:28,2025-01-06 19:31:41
1721,Realizar Parecer Jurídico,2025-01-06 19:31:41,2025-01-08 17:51:14
1721,Definir Medida Corretiva,2025-01-08 17:51:14,2025-01-08 17:52:12
1721,Fim,,
1691,Início,2025-01-06 16:14:18,2025-01-06 16:14:18
1691,Classificar Irregularidade,2025-01-06 16:14:18,2025-01-06 16:15:39
1691,Levantar os Fatos,2025-01-06 16:15:39,2025-01-06 16:26:35
1691,Definir Medida Corretiva,2025-01-06 16:26:35,2025-01-06 16:27:17
1691,Fim,,
1690,Início,2025-01-06 15:58:29,2025-01-06 15:58:29
1690,Classificar Irregularidade,2025-01-06 15:58:29,2025-01-06 15:59:13
1690,Levantar os Fatos,2025-01-06 15:59:13,2025-01-06 16:03:54
1690,Definir Medida Corretiva,2025-01-06 16:03:54,2025-01-06 16:07:20
1690,Fim,,
1686,Início,2025-01-06 15:42:35,2025-01-06 15:42:35
1686,Classificar Irregularidade,2025-01-06 15:42:35,2025-01-06 15:43:18
1686,Levantar os Fatos,2025-01-06 15:43:18,2025-01-06 15:50:16
1686,Definir Medida Corretiva,2025-01-06 15:50:16,2025-01-06 15:51:26
1686,Fim,,
1684,Início,2025-01-06 14:54:30,2025-01-06 14:54:30
1684,Classificar Irregularidade,2025-01-06 14:54:30,2025-01-06 14:56:49
1684,Levantar os Fatos,2025-01-06 14:56:49,2025-01-06 15:23:01
1684,Definir Medida Corretiva,2025-01-06 15:23:01,2025-01-06 15:24:08
1684,Fim,,
1681,Início,2025-01-06 14:20:35,2025-01-06 14:20:35
1681,Classificar Irregularidade,2025-01-06 14:20:35,2025-01-06 14:22:02
1681,Levantar os Fatos,2025-01-06 14:22:02,2025-01-06 14:35:00
1681,Definir Medida Corretiva,2025-01-06 14:35:00,2025-01-06 14:51:48
1681,Fim,,
1678,Início,2025-01-06 13:24:13,2025-01-06 13:48:30
1678,Classificar Irregularidade,2025-01-06 13:48:30,2025-01-06 14:19:05
1678,Levantar os Fatos,2025-01-06 14:19:05,2025-01-06 16:45:45
1678,Realizar Parecer Jurídico,2025-01-06 16:45:45,2025-01-06 16:59:07
1678,Definir Medida Corretiva,2025-01-06 16:59:07,2025-01-08 21:33:30
1678,Fim,,
1673,Início,2025-01-06 12:45:42,2025-01-06 12:45:42
1673,Classificar Irregularidade,2025-01-06 12:45:42,2025-01-06 12:48:52
1673,Levantar os Fatos,2025-01-06 12:48:52,2025-01-06 20:06:48
1673,Definir Medida Corretiva,2025-01-06 20:06:48,2025-01-06 20:27:49
1673,Definir Medida Corretiva,2025-01-07 12:11:16,2025-01-07 18:37:20
1673,Definir Medida Corretiva,2025-01-07 19:31:11,2025-01-09 14:58:50
1673,Levantar os Fatos,2025-01-09 14:58:50,2025-01-09 15:10:06
1673,Realizar Parecer Jurídico,2025-01-09 15:10:06,2025-01-09 15:11:27
1673,Definir Medida Corretiva,2025-01-09 15:11:27,2025-01-09 15:12:34
1673,Fim,,
1614,Início,2025-01-02 20:51:13,2025-01-02 20:51:13
1614,Classificar Irregularidade,2025-01-02 20:51:14,2025-01-02 20:52:36
1614,Levantar os Fatos,2025-01-02 20:52:36,2025-01-02 21:05:01
1614,Realizar Parecer Técnico,2025-01-02 21:05:01,2025-01-02 21:13:12
1614,Definir Medida Corretiva,2025-01-02 21:13:12,2025-01-02 21:47:58
1614,Fim,,
1592,Início,2025-01-02 14:55:44,2025-01-02 14:55:44
1592,Classificar Irregularidade,2025-01-02 14:55:44,2025-01-02 15:08:09
1592,Levantar os Fatos,2025-01-02 15:08:09,2025-01-02 15:18:22
1592,Definir Medida Corretiva,2025-01-02 15:18:22,2025-01-02 20:44:48
1592,Fim,,
1585,Início,2025-01-02 13:42:04,2025-01-02 13:42:04
1585,Classificar Irregularidade,2025-01-02 13:42:04,2025-01-02 13:57:53
1585,Levantar os Fatos,2025-01-02 13:57:53,2025-01-02 14:06:02
1585,Definir Medida Corretiva,2025-01-02 14:06:02,2025-01-02 14:10:52
1585,Fim,,
1550,Início,2024-12-30 18:01:34,2024-12-30 18:01:35
1550,Classificar Irregularidade,2024-12-30 18:01:35,2024-12-30 18:03:12
1550,Levantar os Fatos,2024-12-30 18:03:12,2024-12-30 18:06:46
1550,Definir Medida Corretiva,2024-12-30 18:06:46,2024-12-30 18:09:04
1550,Fim,,
1538,Início,2024-12-30 15:41:50,2024-12-30 15:41:50
1538,Classificar Irregularidade,2024-12-30 15:41:50,2024-12-30 15:43:09
1538,Levantar os Fatos,2024-12-30 15:43:09,2024-12-30 15:53:46
1538,Definir Medida Corretiva,2024-12-30 15:53:46,2024-12-30 16:00:00
1538,Fim,,
1513,Início,2024-12-30 13:36:21,2024-12-30 13:36:22
1513,Classificar Irregularidade,2024-12-30 13:36:22,2024-12-30 13:38:27
1513,Levantar os Fatos,2024-12-30 13:38:27,2024-12-30 14:08:50
1513,Realizar Parecer Jurídico,2024-12-30 14:08:50,2024-12-30 18:38:52
1513,Definir Medida Corretiva,2024-12-30 18:38:52,2024-12-30 18:39:50
1513,Fim,,
1434,Início,2024-12-26 20:03:45,2024-12-26 20:03:46
1434,Classificar Irregularidade,2024-12-26 20:03:46,2024-12-26 20:15:00
1434,Levantar os Fatos,2024-12-26 20:15:00,2024-12-26 20:16:32
1434,Definir Medida Corretiva,2024-12-26 20:16:32,2024-12-26 20:17:28
1434,Fim,,
1432,Início,2024-12-26 19:30:05,2024-12-26 19:30:06
1432,Classificar Irregularidade,2024-12-26 19:30:06,2024-12-26 19:37:45
1432,Levantar os Fatos,2024-12-26 19:37:45,2024-12-26 20:12:42
1432,Início,2024-12-26 20:12:42,2024-12-26 20:14:42
1432,Classificar Irregularidade,2024-12-26 20:14:42,2024-12-26 20:51:17
1432,Levantar os Fatos,2024-12-26 20:51:17,2024-12-27 11:29:17
1432,Definir Medida Corretiva,2024-12-27 11:29:18,2024-12-27 11:30:53
1432,Fim,,
1431,Início,2024-12-26 19:17:09,2024-12-26 19:17:10
1431,Classificar Irregularidade,2024-12-26 19:17:10,2024-12-26 19:21:21
1431,Levantar os Fatos,2024-12-26 19:21:21,2024-12-26 19:41:25
1431,Definir Medida Corretiva,2024-12-26 19:41:25,2024-12-26 19:43:08
1431,Fim,,
1429,Início,2024-12-26 18:40:56,2024-12-26 18:40:56
1429,Classificar Irregularidade,2024-12-26 18:40:56,2024-12-26 18:41:45
1429,Levantar os Fatos,2024-12-26 18:41:45,2024-12-26 18:48:54
1429,Definir Medida Corretiva,2024-12-26 18:48:54,2024-12-26 18:52:15
1429,Fim,,
1420,Início,2024-12-26 18:21:22,2024-12-26 18:21:22
1420,Classificar Irregularidade,2024-12-26 18:21:22,2024-12-26 18:22:46
1420,Levantar os Fatos,2024-12-26 18:22:46,2024-12-26 18:26:13
1420,Definir Medida Corretiva,2024-12-26 18:26:13,2024-12-26 18:28:34
1420,Fim,,
1406,Início,2024-12-26 15:55:56,2024-12-26 15:55:56
1406,Classificar Irregularidade,2024-12-26 15:55:56,2024-12-26 15:57:16
1406,Levantar os Fatos,2024-12-26 15:57:16,2024-12-26 16:00:08
1406,Definir Medida Corretiva,2024-12-26 16:00:08,2024-12-26 16:01:17
1406,Fim,,
1405,Início,2024-12-26 15:46:12,2024-12-26 15:46:12
1405,Classificar Irregularidade,2024-12-26 15:46:12,2024-12-26 15:47:25
1405,Levantar os Fatos,2024-12-26 15:47:25,2024-12-26 15:49:25
1405,Definir Medida Corretiva,2024-12-26 15:49:26,2024-12-26 15:51:37
1405,Fim,,
1403,Início,2024-12-26 15:06:26,2024-12-26 15:06:27
1403,Classificar Irregularidade,2024-12-26 15:06:27,2024-12-26 15:33:57
1403,Levantar os Fatos,2024-12-26 15:33:57,2024-12-26 15:40:34
1403,Definir Medida Corretiva,2024-12-26 15:40:34,2024-12-26 15:41:19
1403,Fim,,
1385,Início,2024-12-26 12:36:38,2024-12-26 12:36:38
1385,Classificar Irregularidade,2024-12-26 12:36:38,2024-12-26 12:37:22
1385,Levantar os Fatos,2024-12-26 12:37:22,2024-12-26 12:38:20
1384,Início,2024-12-26 12:31:20,2024-12-26 12:31:21
1384,Classificar Irregularidade,2024-12-26 12:31:21,2024-12-26 12:32:04
1384,Levantar os Fatos,2024-12-26 12:32:04,2024-12-26 12:32:42
1384,Definir Medida Corretiva,2024-12-26 12:32:42,2024-12-26 12:34:59
1383,Início,2024-12-26 12:20:26,2024-12-26 12:20:26
1383,Classificar Irregularidade,2024-12-26 12:20:26,2024-12-26 12:20:39
1382,Início,2024-12-26 12:12:39,2024-12-26 12:12:39
1382,Classificar Irregularidade,2024-12-26 12:12:39,2024-12-26 12:17:49
1382,Levantar os Fatos,2024-12-26 12:17:49,2024-12-26 12:48:11
1382,Classificar Irregularidade,2024-12-26 12:48:11,2024-12-26 12:51:03
1382,Levantar os Fatos,2024-12-26 12:51:03,2024-12-26 13:16:20
1382,Realizar Parecer Jurídico,2024-12-26 13:16:20,2024-12-31 13:22:01
1382,Definir Medida Corretiva,2024-12-31 13:22:01,2024-12-31 13:22:52
1382,Fim,,
1357,Início,2024-12-24 13:34:06,2024-12-24 13:34:07
1357,Classificar Irregularidade,2024-12-24 13:34:07,2024-12-24 13:38:16
1357,Levantar os Fatos,2024-12-24 13:38:16,2024-12-24 14:04:43
1357,Definir Medida Corretiva,2024-12-24 14:04:43,2024-12-24 14:28:35
1357,Fim,,
1299,Início,2024-12-23 16:21:19,2024-12-23 16:21:20
1299,Classificar Irregularidade,2024-12-23 16:21:20,2024-12-23 16:21:57
1236,Início,2024-12-19 22:19:49,2024-12-19 22:19:49
1236,Classificar Irregularidade,2024-12-19 22:19:49,2024-12-19 22:22:06
1236,Levantar os Fatos,2024-12-19 22:22:06,2024-12-20 13:00:30
1236,Definir Medida Corretiva,2024-12-20 13:00:30,2024-12-20 17:39:05
1236,Classificar Irregularidade,2024-12-20 17:39:05,2024-12-20 17:46:29
1236,Levantar os Fatos,2024-12-20 17:46:29,2024-12-20 17:47:07
1236,Definir Medida Corretiva,2024-12-20 17:47:07,2024-12-27 20:06:44
1236,Definir Medida Corretiva,2024-12-27 20:13:40,2024-12-27 20:16:03
1236,Fim,,
1223,Início,2024-12-18 21:00:45,2024-12-18 21:00:45
1223,Classificar Irregularidade,2024-12-18 21:00:45,2024-12-18 21:01:18
1223,Levantar os Fatos,2024-12-18 21:01:18,2024-12-18 21:05:12
1223,Definir Medida Corretiva,2024-12-18 21:05:12,2024-12-18 21:06:00
1223,Fim,,
1222,Início,2024-12-18 20:46:44,2024-12-18 20:46:44
1222,Classificar Irregularidade,2024-12-18 20:46:44,2024-12-18 20:47:43
1222,Levantar os Fatos,2024-12-18 20:47:43,2024-12-18 20:52:18
1222,Definir Medida Corretiva,2024-12-18 20:52:19,2024-12-18 20:53:09
1222,Fim,,
1221,Início,2024-12-18 20:33:00,2024-12-18 20:33:01
1221,Classificar Irregularidade,2024-12-18 20:33:01,2024-12-18 20:35:38
1221,Levantar os Fatos,2024-12-18 20:35:38,2024-12-18 20:38:18
1221,Definir Medida Corretiva,2024-12-18 20:38:18,2024-12-18 20:39:10
1221,Fim,,
1220,Início,2024-12-18 20:05:38,2024-12-18 20:05:38
1220,Classificar Irregularidade,2024-12-18 20:05:38,2024-12-18 20:06:49
1220,Levantar os Fatos,2024-12-18 20:06:49,2024-12-18 20:08:41
1220,Definir Medida Corretiva,2024-12-18 20:08:41,2024-12-18 20:10:33
1220,Fim,,
1219,Início,2024-12-18 20:03:57,2024-12-18 20:03:57
1219,Classificar Irregularidade,2024-12-18 20:03:57,2024-12-18 20:11:35
1219,Levantar os Fatos,2024-12-18 20:11:35,2024-12-18 20:19:36
1219,Realizar Parecer Jurídico,2024-12-18 20:19:36,2024-12-18 20:32:51
1219,Realizar Parecer Técnico,2024-12-18 20:19:36,2024-12-18 20:21:44
1219,Definir Medida Corretiva,2024-12-18 20:32:51,2024-12-18 20:34:50
1219,Fim,,
1218,Início,2024-12-18 19:25:05,2024-12-18 19:25:05
1218,Classificar Irregularidade,2024-12-18 19:25:05,2024-12-18 19:29:49
1218,Levantar os Fatos,2024-12-18 19:29:49,2024-12-18 19:35:29
1218,Realizar Parecer Jurídico,2024-12-18 19:35:29,2024-12-18 19:36:20
1218,Realizar Parecer Técnico,2024-12-18 19:35:29,2024-12-18 19:37:08
1218,Definir Medida Corretiva,2024-12-18 19:37:08,2024-12-18 19:37:48
1218,Fim,,
1196,Início,2024-12-18 14:32:01,2024-12-18 14:32:01
1196,Classificar Irregularidade,2024-12-18 14:32:01,2024-12-18 14:34:23
1196,Levantar os Fatos,2024-12-18 14:34:23,2024-12-18 14:35:20
1196,Realizar Parecer Jurídico,2024-12-18 14:35:20,2024-12-18 14:57:37
1196,Definir Medida Corretiva,2024-12-18 14:57:37,2024-12-18 22:26:39
1196,Definir Medida Corretiva,2024-12-19 13:21:01,2024-12-23 11:59:44
1196,Fim,,
1182,Início,2024-12-17 15:56:17,2024-12-17 15:56:17
1182,Classificar Irregularidade,2024-12-17 15:56:17,2024-12-17 17:27:56
1181,Início,2024-12-16 19:15:02,2024-12-16 19:15:03
1181,Classificar Irregularidade,2024-12-16 19:15:03,2024-12-16 19:17:57
1181,Levantar os Fatos,2024-12-16 19:17:57,2024-12-16 19:19:23
1181,Realizar Parecer Jurídico,2024-12-16 19:19:23,2024-12-18 13:32:33
1181,Definir Medida Corretiva,2024-12-18 13:32:33,2024-12-18 13:42:46
1181,Definir Medida Corretiva,2024-12-18 19:07:09,2024-12-18 19:21:04
1181,Levantar os Fatos,2024-12-18 19:21:04,2024-12-18 20:08:28
1181,Realizar Parecer Jurídico,2024-12-18 20:08:28,2024-12-26 14:26:13
1181,Definir Medida Corretiva,2024-12-26 14:26:13,2024-12-26 15:03:41
1181,Fim,,
1180,Início,2024-12-16 19:04:34,2024-12-16 19:04:34
1180,Classificar Irregularidade,2024-12-16 19:04:34,2024-12-16 19:08:07
1180,Levantar os Fatos,2024-12-16 19:08:07,2024-12-27 20:29:04
1180,Definir Medida Corretiva,2024-12-27 20:29:04,2024-12-27 20:30:46
1180,Fim,,
1179,Início,2024-12-13 21:09:26,2024-12-13 21:09:26
1179,Classificar Irregularidade,2024-12-13 21:09:26,2024-12-13 21:10:44
1179,Levantar os Fatos,2024-12-13 21:10:44,2024-12-13 21:12:22
1179,Definir Medida Corretiva,2024-12-13 21:12:22,2024-12-13 21:13:06
1179,Fim,,
1178,Início,2024-12-13 20:52:01,2024-12-13 20:52:01
1178,Classificar Irregularidade,2024-12-13 20:52:01,2024-12-13 20:53:38
1178,Levantar os Fatos,2024-12-13 20:53:38,2024-12-13 20:56:10
1178,Definir Medida Corretiva,2024-12-13 20:56:10,2024-12-13 20:58:07
1178,Fim,,
1177,Início,2024-12-13 20:44:06,2024-12-13 20:44:06
1177,Classificar Irregularidade,2024-12-13 20:44:06,2024-12-13 20:44:56
1177,Levantar os Fatos,2024-12-13 20:44:56,2024-12-13 20:46:31
1177,Definir Medida Corretiva,2024-12-13 20:46:31,2024-12-13 20:47:16
1177,Fim,,
1176,Início,2024-12-13 20:34:19,2024-12-13 20:34:19
1176,Classificar Irregularidade,2024-12-13 20:34:19,2024-12-13 20:36:18
1176,Levantar os Fatos,2024-12-13 20:36:18,2024-12-13 20:39:47
1176,Definir Medida Corretiva,2024-12-13 20:39:47,2024-12-13 20:40:41
1176,Fim,,
1175,Início,2024-12-13 20:05:20,2024-12-13 20:05:21
1175,Classificar Irregularidade,2024-12-13 20:05:21,2024-12-13 20:09:35
1175,Levantar os Fatos,2024-12-13 20:09:35,2024-12-13 20:17:38
1175,Definir Medida Corretiva,2024-12-13 20:17:38,2024-12-13 20:18:56
1175,Fim,,
1174,Início,2024-12-13 11:59:05,2024-12-13 11:59:06
1174,Classificar Irregularidade,2024-12-13 11:59:06,2024-12-13 12:38:19
1174,Levantar os Fatos,2024-12-13 12:38:19,2024-12-13 12:47:12
1174,Realizar Parecer Jurídico,2024-12-13 12:47:12,2024-12-13 12:47:49
1174,Realizar Parecer Técnico,2024-12-13 12:47:12,2024-12-13 12:57:58
1174,Definir Medida Corretiva,2024-12-13 12:57:58,2024-12-13 13:03:09
1174,Definir Medida Corretiva,2024-12-13 18:40:36,2024-12-13 21:36:21
1174,Fim,,
1173,Início,2024-12-12 13:30:42,2024-12-12 13:30:42
1173,Classificar Irregularidade,2024-12-12 13:30:42,2024-12-12 13:34:58
1173,Levantar os Fatos,2024-12-12 13:34:58,2024-12-12 19:33:33
1171,Início,2024-12-11 19:29:41,2024-12-11 19:29:42
1171,Classificar Irregularidade,2024-12-11 19:29:42,2024-12-23 15:18:50
1171,Levantar os Fatos,2024-12-23 15:18:50,2024-12-26 12:40:41
1171,Definir Medida Corretiva,2024-12-26 12:40:41,2025-01-06 15:28:48
1171,Definir Medida Corretiva,2025-01-06 19:21:51,2025-01-20 17:30:44
1171,Definir Medida Corretiva,2025-01-20 18:01:05,2025-01-20 19:08:10
1171,Definir Medida Corretiva,2025-01-20 19:08:10,2025-01-20 20:24:05
1171,Definir Medida Corretiva,2025-01-20 20:28:12,2025-01-20 20:48:03
1171,Classificar Irregularidade,2025-01-20 20:48:03,2025-01-20 21:01:26
1171,Levantar os Fatos,2025-01-20 21:01:26,2025-01-20 21:02:17
1171,Definir Medida Corretiva,2025-01-20 21:02:17,2025-01-20 21:03:06
1171,Fim,,
1170,Início,2024-12-11 18:46:47,2024-12-11 18:46:48
1170,Classificar Irregularidade,2024-12-11 18:46:48,2024-12-11 19:23:54
1170,Levantar os Fatos,2024-12-11 19:23:54,2024-12-11 19:25:42
1170,Realizar Parecer Jurídico,2024-12-11 19:25:42,2024-12-18 18:03:01
1170,Definir Medida Corretiva,2024-12-18 18:03:01,2024-12-18 18:04:47
1170,Fim,,
1169,Início,2024-12-11 17:44:47,2024-12-11 17:44:47
1169,Classificar Irregularidade,2024-12-11 17:44:48,2024-12-13 21:13:47
1168,Início,2024-12-11 14:55:51,2024-12-11 14:55:51
1168,Classificar Irregularidade,2024-12-11 14:55:52,2024-12-11 15:06:19
1168,Levantar os Fatos,2024-12-11 15:06:19,2024-12-11 15:12:30
1168,Definir Medida Corretiva,2024-12-11 15:12:30,2024-12-11 15:13:38
1168,Fim,,
1167,Início,2024-12-11 14:17:49,2024-12-11 14:17:49
1167,Classificar Irregularidade,2024-12-11 14:17:49,2024-12-11 14:33:58
1167,Levantar os Fatos,2024-12-11 14:33:58,2024-12-13 18:49:56
1167,Realizar Parecer Técnico,2024-12-13 18:49:57,2024-12-13 18:51:39
1167,Definir Medida Corretiva,2024-12-13 18:51:39,2024-12-13 18:52:18
1167,Fim,,
1166,Início,2024-12-10 22:21:49,2024-12-26 18:34:09
1166,Classificar Irregularidade,2024-12-26 18:34:09,2024-12-26 18:36:47
1166,Levantar os Fatos,2024-12-26 18:36:47,2024-12-26 18:40:27
1166,Definir Medida Corretiva,2024-12-26 18:40:27,2024-12-26 19:00:44
1166,Início,2024-12-26 19:00:44,2024-12-26 20:05:16
1166,Classificar Irregularidade,2024-12-26 20:05:16,2024-12-27 12:36:16
1166,Levantar os Fatos,2024-12-27 12:36:16,2024-12-27 12:37:55
1166,Definir Medida Corretiva,2024-12-27 12:37:55,2024-12-27 12:39:28
1166,Fim,,
1165,Início,2024-12-10 20:45:34,2024-12-10 20:45:34
1165,Classificar Irregularidade,2024-12-10 20:45:34,2024-12-10 21:03:58
1165,Levantar os Fatos,2024-12-10 21:03:58,2024-12-11 17:41:54
1165,Definir Medida Corretiva,2024-12-11 17:41:54,2024-12-12 21:06:14
1165,Fim,,
1164,Início,2024-12-10 18:59:39,2024-12-10 18:59:39
1164,Classificar Irregularidade,2024-12-10 18:59:39,2024-12-10 19:05:09
1164,Levantar os Fatos,2024-12-10 19:05:09,2024-12-10 19:17:46
1164,Definir Medida Corretiva,2024-12-10 19:17:46,2024-12-10 19:19:55
1164,Fim,,
1163,Início,2024-12-10 18:59:29,2024-12-10 18:59:29
1163,Classificar Irregularidade,2024-12-10 18:59:29,2024-12-10 19:20:21
1162,Início,2024-12-09 20:45:08,2024-12-09 20:45:08
1162,Classificar Irregularidade,2024-12-09 20:45:09,2024-12-09 20:56:46
1162,Levantar os Fatos,2024-12-09 20:56:47,2024-12-09 21:02:23
1162,Definir Medida Corretiva,2024-12-09 21:02:23,2024-12-09 21:16:15
1162,Fim,,
1161,Início,2024-12-09 18:56:45,2024-12-09 18:56:45
1161,Classificar Irregularidade,2024-12-09 18:56:45,2024-12-09 19:01:08
1161,Levantar os Fatos,2024-12-09 19:01:08,2024-12-09 19:33:49
1161,Definir Medida Corretiva,2024-12-09 19:33:49,2024-12-09 20:26:33
1161,Fim,,
1160,Início,2024-12-09 13:28:17,2024-12-09 13:28:17
1160,Classificar Irregularidade,2024-12-09 13:28:18,2024-12-09 13:31:16
1160,Levantar os Fatos,2024-12-09 13:31:16,2024-12-10 13:38:22
1160,Realizar Parecer Jurídico,2024-12-10 13:38:22,2024-12-11 20:51:28
1160,Definir Medida Corretiva,2024-12-11 20:51:28,2024-12-11 20:52:33
1160,Definir Medida Corretiva,2024-12-12 14:47:40,2024-12-12 14:53:21
1160,Fim,,
1159,Início,2024-12-09 12:37:47,2024-12-09 12:37:48
1159,Classificar Irregularidade,2024-12-09 12:37:48,2024-12-09 12:43:37
1159,Levantar os Fatos,2024-12-09 12:43:37,2024-12-09 13:07:36
1159,Realizar Parecer Jurídico,2024-12-09 13:07:36,2024-12-09 14:42:59
1159,Realizar Parecer Técnico,2024-12-09 13:07:36,2024-12-09 14:11:39
1159,Definir Medida Corretiva,2024-12-09 14:42:59,2024-12-09 14:43:47
1159,Fim,,
1158,Início,2024-12-06 20:59:45,2024-12-06 20:59:46
1158,Classificar Irregularidade,2024-12-06 20:59:46,2024-12-06 21:09:09
1158,Levantar os Fatos,2024-12-06 21:09:09,2024-12-06 21:18:10
1158,Definir Medida Corretiva,2024-12-06 21:18:10,2024-12-06 21:21:03
1158,Fim,,
1157,Início,2024-12-05 22:38:55,2024-12-05 22:38:56
1157,Classificar Irregularidade,2024-12-05 22:38:56,2024-12-05 22:41:49
1157,Levantar os Fatos,2024-12-05 22:41:49,2024-12-05 22:42:50
1157,Realizar Parecer Jurídico,2024-12-05 22:42:50,2024-12-16 16:08:16
1157,Definir Medida Corretiva,2024-12-16 16:08:16,2024-12-16 16:14:37
1157,Definir Medida Corretiva,2024-12-16 18:05:44,2024-12-16 18:44:48
1157,Fim,,
1156,Início,2024-12-05 22:32:59,2024-12-05 22:33:00
1156,Classificar Irregularidade,2024-12-05 22:33:01,2024-12-05 22:35:25
1155,Início,2024-12-04 21:30:52,2024-12-04 21:30:53
1155,Classificar Irregularidade,2024-12-04 21:30:53,2024-12-04 21:41:13
1155,Levantar os Fatos,2024-12-04 21:41:13,2024-12-04 21:42:20
1155,Realizar Parecer Jurídico,2024-12-04 21:42:20,2024-12-10 18:34:35
1155,Definir Medida Corretiva,2024-12-10 18:34:35,2024-12-10 18:39:03
1155,Fim,,
1154,Início,2024-12-04 14:43:00,2024-12-04 14:43:01
1154,Classificar Irregularidade,2024-12-04 14:43:01,2024-12-04 14:44:37
1154,Levantar os Fatos,2024-12-04 14:44:37,2024-12-04 17:57:15
1154,Realizar Parecer Jurídico,2024-12-04 17:57:15,2024-12-06 14:45:04
1154,Definir Medida Corretiva,2024-12-06 14:45:05,2024-12-10 20:40:20
1154,Definir Medida Corretiva,2024-12-11 11:45:01,2024-12-18 18:27:30
1154,Fim,,
1152,Início,2024-12-03 21:41:45,2024-12-03 21:41:46
1152,Classificar Irregularidade,2024-12-03 21:41:46,2024-12-10 13:12:55
1152,Levantar os Fatos,2024-12-10 13:12:55,2024-12-10 13:59:03
1152,Início,2024-12-10 13:59:03,2024-12-10 15:21:50
1152,Classificar Irregularidade,2024-12-10 15:21:51,2024-12-10 15:22:38
1152,Levantar os Fatos,2024-12-10 15:22:38,2024-12-11 15:27:18
1152,Definir Medida Corretiva,2024-12-11 15:27:18,2024-12-12 20:41:42
1151,Início,2024-12-03 21:30:40,2024-12-03 21:30:40
1151,Classificar Irregularidade,2024-12-03 21:30:40,2024-12-03 21:31:45
1151,Levantar os Fatos,2024-12-03 21:31:45,2024-12-04 12:31:05
1151,Realizar Parecer Jurídico,2024-12-04 12:31:05,2024-12-04 12:31:45
1151,Realizar Parecer Técnico,2024-12-04 12:31:05,2024-12-04 12:34:13
1151,Definir Medida Corretiva,2024-12-04 12:34:13,2024-12-04 12:35:05
1151,Fim,,
1150,Início,2024-12-03 18:57:36,2024-12-03 18:57:36
1150,Classificar Irregularidade,2024-12-03 18:57:36,2024-12-03 19:00:08
1150,Levantar os Fatos,2024-12-03 19:00:08,2024-12-03 19:10:01
1150,Definir Medida Corretiva,2024-12-03 19:10:01,2024-12-03 19:14:49
1150,Definir Medida Corretiva,2024-12-11 13:41:28,2024-12-11 17:50:09
1150,Classificar Irregularidade,2024-12-11 17:50:09,2024-12-11 18:09:10
1150,Levantar os Fatos,2024-12-11 18:09:10,2024-12-11 18:10:09
1150,Definir Medida Corretiva,2024-12-11 18:10:09,2024-12-11 18:13:29
1150,Classificar Irregularidade,2024-12-11 18:13:29,2024-12-11 18:17:35
1150,Levantar os Fatos,2024-12-11 18:17:35,2024-12-11 18:18:36
1150,Definir Medida Corretiva,2024-12-11 18:18:36,2024-12-11 18:37:13
1150,Fim,,
1149,Início,2024-12-03 18:42:42,2024-12-03 18:42:42
1149,Classificar Irregularidade,2024-12-03 18:42:42,2024-12-03 18:51:01
1149,Levantar os Fatos,2024-12-03 18:51:01,2024-12-04 20:51:39
1149,Definir Medida Corretiva,2024-12-04 20:51:39,2024-12-07 13:53:51
1149,Fim,,
1148,Início,2024-12-03 18:36:19,2024-12-03 18:36:19
1148,Classificar Irregularidade,2024-12-03 18:36:19,2024-12-03 18:43:28
1148,Levantar os Fatos,2024-12-03 18:43:28,2024-12-03 18:46:52
1148,Definir Medida Corretiva,2024-12-03 18:46:52,2024-12-03 18:48:34
1147,Início,2024-12-03 17:55:54,2024-12-03 17:55:54
1147,Classificar Irregularidade,2024-12-03 17:55:54,2024-12-03 18:02:59
1147,Levantar os Fatos,2024-12-03 18:02:59,2024-12-03 18:08:14
1147,Definir Medida Corretiva,2024-12-03 18:08:14,2024-12-03 18:10:04
1147,Fim,,
1146,Início,2024-12-03 17:21:18,2024-12-03 17:21:19
1146,Classificar Irregularidade,2024-12-03 17:21:19,2024-12-03 17:25:14
1146,Levantar os Fatos,2024-12-03 17:25:14,2024-12-03 18:22:00
1146,Início,2024-12-03 18:22:00,2024-12-03 18:34:21
1146,Classificar Irregularidade,2024-12-03 18:34:21,2024-12-04 13:38:14
1146,Levantar os Fatos,2024-12-04 13:38:14,
1145,Início,2024-12-03 15:05:11,2024-12-03 15:05:11
1145,Classificar Irregularidade,2024-12-03 15:05:11,2024-12-03 15:07:29
1139,Início,2024-12-02 17:57:23,2024-12-02 17:57:24
1139,Classificar Irregularidade,2024-12-02 17:57:24,2024-12-02 19:31:21
1139,Início,2024-12-02 19:31:21,2024-12-04 13:41:40
1139,Classificar Irregularidade,2024-12-04 13:41:41,2024-12-04 13:45:48
1139,Levantar os Fatos,2024-12-04 13:45:48,
1132,Início,2024-11-29 19:00:59,2024-11-29 19:00:59
1132,Classificar Irregularidade,2024-11-29 19:01:00,2024-12-02 13:00:12
1132,Início,2024-12-02 13:00:12,2024-12-02 13:05:31
1132,Classificar Irregularidade,2024-12-02 13:05:31,2024-12-02 17:45:51
1132,Levantar os Fatos,2024-12-02 17:45:51,2024-12-02 18:06:44
1132,Definir Medida Corretiva,2024-12-02 18:06:44,2024-12-02 18:10:53
1132,Fim,,
1131,Início,2024-11-29 18:08:56,2024-11-29 18:08:57
1131,Classificar Irregularidade,2024-11-29 18:08:57,2024-11-29 18:15:54
1131,Levantar os Fatos,2024-11-29 18:15:54,2024-12-04 14:43:40
1131,Definir Medida Corretiva,2024-12-04 14:43:40,2024-12-04 18:25:45
1131,Fim,,
1120,Início,2024-11-26 12:04:16,2024-11-26 20:58:52
1120,Classificar Irregularidade,2024-11-26 20:58:53,2024-11-27 19:44:55
1120,Início,2024-11-27 19:44:55,2024-11-27 19:48:24
1120,Classificar Irregularidade,2024-11-27 19:48:24,2024-12-12 21:12:44
1120,Levantar os Fatos,2024-12-12 21:12:44,2024-12-12 21:33:41
1120,Classificar Irregularidade,2024-12-12 21:33:41,2024-12-13 11:29:21
1120,Levantar os Fatos,2024-12-13 11:29:21,2024-12-13 11:45:27
1120,Definir Medida Corretiva,2024-12-13 11:45:27,2024-12-13 11:46:17
1120,Fim,,
1119,Início,2024-11-25 21:33:45,2024-11-25 21:33:45
1119,Classificar Irregularidade,2024-11-25 21:33:45,2024-11-25 21:39:15
1119,Levantar os Fatos,2024-11-25 21:39:15,2024-11-26 21:32:44
1119,Definir Medida Corretiva,2024-11-26 21:32:44,2024-11-26 21:48:26
1119,Fim,,
1118,Início,2024-11-25 20:24:06,2024-11-25 20:24:06
1118,Classificar Irregularidade,2024-11-25 20:24:06,2025-01-20 14:00:32
1117,Início,2024-11-25 18:19:08,2024-11-25 18:19:08
1117,Classificar Irregularidade,2024-11-25 18:19:08,2024-11-25 18:29:56
1117,Levantar os Fatos,2024-11-25 18:29:56,2024-11-25 18:36:17
1117,Definir Medida Corretiva,2024-11-25 18:36:17,2024-11-25 19:45:39
1117,Fim,,
1114,Início,2024-11-25 14:47:16,2024-11-25 20:37:38
1114,Classificar Irregularidade,2024-11-25 20:37:38,2024-11-25 20:41:36
1114,Levantar os Fatos,2024-11-25 20:41:36,2024-11-25 21:20:04
1114,Definir Medida Corretiva,2024-11-25 21:20:04,2024-11-26 12:45:53
1114,Classificar Irregularidade,2024-11-26 12:45:53,2024-11-26 12:46:35
1114,Levantar os Fatos,2024-11-26 12:46:35,2024-11-26 12:48:27
1114,Definir Medida Corretiva,2024-11-26 12:48:28,2024-11-26 20:28:02
1114,Fim,,
1113,Início,2024-11-23 20:31:27,2024-11-23 20:54:41
1113,Classificar Irregularidade,2024-11-23 20:54:41,2024-11-23 21:01:03
1113,Levantar os Fatos,2024-11-23 21:01:03,2024-11-23 21:18:27
1113,Definir Medida Corretiva,2024-11-23 21:18:27,2024-11-23 21:19:36
1113,Fim,,
1112,Início,2024-11-23 14:28:36,2024-11-23 14:28:36
1112,Classificar Irregularidade,2024-11-23 14:28:36,2024-11-23 14:33:10
1112,Levantar os Fatos,2024-11-23 14:33:10,2024-11-23 15:00:44
1112,Definir Medida Corretiva,2024-11-23 15:00:44,2024-11-23 16:05:08
1112,Fim,,
1111,Início,2024-11-22 15:03:25,2024-11-22 15:03:25
1111,Classificar Irregularidade,2024-11-22 15:03:25,2024-11-22 17:31:28
1111,Levantar os Fatos,2024-11-22 17:31:28,2024-12-02 17:30:57
1111,Realizar Parecer Jurídico,2024-12-02 17:30:57,2024-12-05 18:51:43
1111,Definir Medida Corretiva,2024-12-05 18:51:43,2024-12-05 18:55:34
1111,Fim,,
1110,Início,2024-11-21 14:02:48,2024-11-21 14:02:48
1110,Classificar Irregularidade,2024-11-21 14:02:48,2024-11-21 14:04:35
1110,Levantar os Fatos,2024-11-21 14:04:35,2024-11-21 14:09:54
1110,Realizar Parecer Jurídico,2024-11-21 14:09:54,2024-11-21 14:10:48
1110,Definir Medida Corretiva,2024-11-21 14:10:48,2024-11-21 14:23:45
1110,Fim,,
1109,Início,2024-11-19 17:29:05,2024-11-19 17:29:06
1109,Classificar Irregularidade,2024-11-19 17:29:06,2024-11-19 17:37:44
1109,Levantar os Fatos,2024-11-19 17:37:44,2024-11-19 17:45:40
1109,Definir Medida Corretiva,2024-11-19 17:45:40,2024-11-19 20:12:26
1109,Fim,,
1108,Início,2024-11-18 19:08:04,2024-11-18 19:08:04
1108,Classificar Irregularidade,2024-11-18 19:08:04,2024-11-18 19:11:48
1108,Levantar os Fatos,2024-11-18 19:11:48,2024-11-18 19:33:29
1108,Definir Medida Corretiva,2024-11-18 19:33:29,2024-12-02 15:34:31
1108,Classificar Irregularidade,2024-12-02 15:34:31,2024-12-02 15:40:35
1108,Levantar os Fatos,2024-12-02 15:40:35,2024-12-02 15:44:45
1108,Levantar os Fatos,2024-12-02 15:44:45,2024-12-02 18:36:36
1108,Classificar Irregularidade,2024-12-02 18:36:36,2024-12-02 18:48:10
1108,Levantar os Fatos,2024-12-02 18:48:10,2024-12-02 18:50:54
1108,Definir Medida Corretiva,2024-12-02 18:50:54,2024-12-03 12:09:34
1108,Fim,,
1107,Início,2024-11-14 21:16:08,2024-11-14 21:16:08
1107,Classificar Irregularidade,2024-11-14 21:16:08,2024-11-14 21:18:18
1107,Levantar os Fatos,2024-11-14 21:18:18,2024-11-14 21:21:01
1107,Definir Medida Corretiva,2024-11-14 21:21:01,2024-11-14 21:23:16
1107,Fim,,
1106,Início,2024-11-14 21:11:32,2024-11-14 21:11:32
1106,Classificar Irregularidade,2024-11-14 21:11:32,2024-11-14 21:13:25
1100,Início,2024-11-13 17:42:39,2024-11-13 17:42:40
1100,Classificar Irregularidade,2024-11-13 17:42:40,2024-11-13 17:45:13
1100,Levantar os Fatos,2024-11-13 17:45:13,2024-11-13 17:48:51
1100,Realizar Parecer Jurídico,2024-11-13 17:48:51,2024-11-13 17:51:07
1100,Realizar Parecer Técnico,2024-11-13 17:48:51,2024-11-13 17:52:12
1100,Definir Medida Corretiva,2024-11-13 17:52:12,2024-11-13 18:16:48
1100,Classificar Irregularidade,2024-11-13 18:16:48,2024-11-13 18:17:46
1100,Levantar os Fatos,2024-11-13 18:17:46,2024-11-13 18:18:58
1100,Realizar Parecer Jurídico,2024-11-13 18:18:58,2024-11-13 18:19:14
1100,Realizar Parecer Técnico,2024-11-13 18:18:58,2024-11-13 18:19:14
1099,Início,2024-11-13 16:31:37,2024-11-13 16:31:37
1099,Classificar Irregularidade,2024-11-13 16:31:37,2024-11-13 16:32:09
1099,Levantar os Fatos,2024-11-13 16:32:09,2024-11-13 16:32:45
1099,Realizar Parecer Jurídico,2024-11-13 16:32:45,2024-11-13 16:33:40
1099,Definir Medida Corretiva,2024-11-13 16:33:41,2024-11-13 16:34:55
1098,Início,2024-11-13 16:28:59,2024-11-13 16:28:59
1098,Classificar Irregularidade,2024-11-13 16:28:59,2024-11-13 16:29:47
1098,Levantar os Fatos,2024-11-13 16:29:47,2024-11-13 16:30:43
1097,Início,2024-11-13 16:22:11,2024-11-13 16:22:11
1097,Classificar Irregularidade,2024-11-13 16:22:11,2024-11-13 16:23:21
1097,Levantar os Fatos,2024-11-13 16:23:21,2024-11-13 16:24:39
1097,Realizar Parecer Jurídico,2024-11-13 16:24:39,2024-11-13 16:28:02
1097,Realizar Parecer Técnico,2024-11-13 16:24:39,2024-11-13 16:28:02
1096,Início,2024-11-13 15:04:26,2024-11-13 15:04:26
1096,Classificar Irregularidade,2024-11-13 15:04:26,2024-11-13 15:08:51
1096,Levantar os Fatos,2024-11-13 15:08:51,2024-11-13 15:28:25
1096,Realizar Parecer Jurídico,2024-11-13 15:28:26,2024-11-19 19:52:26
1096,Definir Medida Corretiva,2024-11-19 19:52:26,2024-11-19 20:02:03
1096,Fim,,
1094,Início,2024-11-13 13:39:11,2024-11-13 13:39:12
1094,Classificar Irregularidade,2024-11-13 13:39:12,2024-11-13 13:57:00
1094,Início,2024-11-13 13:57:00,2024-11-13 16:59:37
1094,Classificar Irregularidade,2024-11-13 16:59:37,2024-11-13 17:03:15
1094,Levantar os Fatos,2024-11-13 17:03:15,2024-11-13 17:13:00
1094,Definir Medida Corretiva,2024-11-13 17:13:00,2024-11-19 15:07:48
1094,Fim,,
1093,Início,2024-11-12 19:05:11,2024-11-12 19:05:12
1093,Classificar Irregularidade,2024-11-12 19:05:12,2024-11-12 19:07:13
1093,Levantar os Fatos,2024-11-12 19:07:13,2024-11-25 13:18:17
1093,Definir Medida Corretiva,2024-11-25 13:18:17,2024-11-25 19:48:36
1093,Classificar Irregularidade,2024-11-25 19:48:36,2024-11-25 20:10:56
1093,Levantar os Fatos,2024-11-25 20:10:56,2024-12-05 19:46:01
1093,Definir Medida Corretiva,2024-12-05 19:46:01,2024-12-06 18:58:47
1093,Classificar Irregularidade,2024-12-06 18:58:47,2024-12-06 19:01:53
1093,Levantar os Fatos,2024-12-06 19:01:53,2024-12-06 19:02:40
1093,Definir Medida Corretiva,2024-12-06 19:02:40,2024-12-06 19:38:00
1091,Início,2024-11-12 18:42:31,2024-11-12 18:42:31
1091,Classificar Irregularidade,2024-11-12 18:42:31,2024-11-12 18:44:47
1091,Levantar os Fatos,2024-11-12 18:44:47,2024-11-22 12:22:47
1091,Definir Medida Corretiva,2024-11-22 12:22:48,2024-11-25 12:30:55
1091,Classificar Irregularidade,2024-11-25 12:30:55,2024-11-25 14:03:51
1091,Levantar os Fatos,2024-11-25 14:03:51,2024-11-25 14:10:22
1091,Definir Medida Corretiva,2024-11-25 14:10:22,2024-11-25 19:58:50
1091,Classificar Irregularidade,2024-11-25 19:58:50,2024-11-25 19:59:59
1091,Levantar os Fatos,2024-11-25 19:59:59,2024-11-25 20:00:35
1091,Definir Medida Corretiva,2024-11-25 20:00:35,2024-11-25 20:02:17
1091,Classificar Irregularidade,2024-11-25 20:02:17,2024-11-25 20:18:54
1091,Levantar os Fatos,2024-11-25 20:18:54,2024-11-25 20:19:20
1091,Definir Medida Corretiva,2024-11-25 20:19:20,2024-12-02 11:47:19
1091,Fim,,
1076,Início,2024-11-11 14:27:50,2024-11-11 14:27:50
1076,Classificar Irregularidade,2024-11-11 14:27:50,2024-11-11 14:30:01
1076,Levantar os Fatos,2024-11-11 14:30:01,2024-11-11 14:34:15
1076,Definir Medida Corretiva,2024-11-11 14:34:15,2024-11-11 14:35:04
1076,Fim,,
1061,Início,2024-11-08 21:25:19,2024-11-08 21:25:19
1061,Classificar Irregularidade,2024-11-08 21:25:20,2024-11-08 21:27:18
1061,Levantar os Fatos,2024-11-08 21:27:18,2024-11-28 21:22:02
1061,Definir Medida Corretiva,2024-11-28 21:22:02,2024-11-28 21:25:00
1061,Fim,,
1053,Início,2024-11-08 14:50:00,2024-11-08 14:50:00
1053,Classificar Irregularidade,2024-11-08 14:50:00,2024-11-08 14:52:40
1053,Levantar os Fatos,2024-11-08 14:52:40,2024-11-11 20:22:43
1053,Realizar Parecer Jurídico,2024-11-11 20:22:43,2024-11-22 12:10:21
1053,Realizar Parecer Técnico,2024-11-11 20:22:43,2024-11-22 12:14:07
1053,Definir Medida Corretiva,2024-11-22 12:14:07,2024-11-22 12:14:57
1053,Fim,,
1050,Início,2024-11-08 13:17:49,2024-11-11 20:31:41
1050,Classificar Irregularidade,2024-11-11 20:31:42,2024-11-11 20:37:14
1050,Levantar os Fatos,2024-11-11 20:37:14,2024-11-11 20:38:47
1050,Realizar Parecer Jurídico,2024-11-11 20:38:48,2024-11-11 21:15:18
1050,Levantar os Fatos,2024-11-11 21:15:18,
1047,Início,2024-11-07 20:14:03,2024-11-11 22:09:31
1047,Classificar Irregularidade,2024-11-11 22:09:31,2024-11-11 22:10:35
1047,Levantar os Fatos,2024-11-11 22:10:35,2024-11-11 22:16:27
1047,Definir Medida Corretiva,2024-11-11 22:16:27,2024-11-18 17:48:48
1002,Início,2024-11-06 12:07:22,2024-11-06 12:07:22
1002,Classificar Irregularidade,2024-11-06 12:07:22,2024-11-06 12:10:53
1002,Levantar os Fatos,2024-11-06 12:10:53,2024-11-06 13:02:39
1002,Definir Medida Corretiva,2024-11-06 13:02:39,2024-11-12 17:39:46
1002,Fim,,
999,Início,2024-11-05 21:17:20,2024-11-05 21:17:20
999,Classificar Irregularidade,2024-11-05 21:17:20,2024-11-05 21:18:46
999,Levantar os Fatos,2024-11-05 21:18:46,2024-11-05 21:33:47
999,Definir Medida Corretiva,2024-11-05 21:33:47,2024-11-05 21:35:26
999,Fim,,
995,Início,2024-11-05 20:22:55,2024-11-05 20:22:56
995,Classificar Irregularidade,2024-11-05 20:22:56,2024-11-06 11:44:49
995,Levantar os Fatos,2024-11-06 11:44:49,2024-11-12 19:54:13
995,Definir Medida Corretiva,2024-11-12 19:54:13,2024-11-13 12:25:44
995,Definir Medida Corretiva,2024-11-13 14:11:34,2024-11-22 17:34:43
995,Definir Medida Corretiva,2024-11-25 13:48:11,2024-11-25 13:52:10
995,Fim,,
978,Início,2024-11-01 19:16:36,2024-11-01 19:16:37
978,Classificar Irregularidade,2024-11-01 19:16:37,2024-11-01 19:19:15
978,Levantar os Fatos,2024-11-01 19:19:15,2024-11-01 19:31:24
978,Definir Medida Corretiva,2024-11-01 19:31:24,2024-11-01 19:35:48
978,Fim,,
977,Início,2024-11-01 19:10:54,2024-11-01 19:10:54
977,Classificar Irregularidade,2024-11-01 19:10:54,2024-11-06 13:27:24
977,Levantar os Fatos,2024-11-06 13:27:24,2024-11-06 13:51:39
977,Realizar Parecer Jurídico,2024-11-06 13:51:39,2024-11-06 14:00:13
977,Definir Medida Corretiva,2024-11-06 14:00:13,2024-11-12 12:57:52
977,Fim,,
974,Início,2024-10-31 21:36:23,2024-10-31 21:36:24
974,Classificar Irregularidade,2024-10-31 21:36:25,2024-10-31 21:38:38
974,Levantar os Fatos,2024-10-31 21:38:38,2024-11-01 14:31:21
974,Realizar Parecer Jurídico,2024-11-01 14:31:21,2024-11-01 14:35:07
974,Realizar Parecer Técnico,2024-11-01 14:31:21,2024-11-01 14:35:46
974,Definir Medida Corretiva,2024-11-01 14:35:46,2024-11-01 14:36:47
974,Definir Medida Corretiva,2024-11-04 14:36:25,2024-11-06 15:15:30
974,Fim,,
972,Início,2024-10-31 14:53:11,2024-10-31 14:53:12
972,Classificar Irregularidade,2024-10-31 14:53:12,2024-10-31 17:16:01
972,Levantar os Fatos,2024-10-31 17:16:01,2024-10-31 17:34:36
972,Definir Medida Corretiva,2024-10-31 17:34:36,2024-11-01 11:44:47
972,Fim,,
971,Início,2024-10-30 19:45:29,2024-10-30 19:45:30
971,Classificar Irregularidade,2024-10-30 19:45:30,2024-10-30 19:52:30
971,Levantar os Fatos,2024-10-30 19:52:30,2024-10-30 20:45:02
963,Início,2024-10-29 21:50:50,2024-10-29 21:50:51
963,Classificar Irregularidade,2024-10-29 21:50:51,2024-10-30 13:30:30
963,Levantar os Fatos,2024-10-30 13:30:30,2024-10-30 19:47:12
963,Realizar Parecer Jurídico,2024-10-30 19:47:12,2024-10-31 21:19:44
962,Início,2024-10-29 20:38:52,2024-10-29 20:38:53
962,Classificar Irregularidade,2024-10-29 20:38:53,2024-11-06 13:54:50
962,Levantar os Fatos,2024-11-06 13:54:50,2024-11-06 13:55:49
962,Realizar Parecer Jurídico,2024-11-06 13:55:49,2024-11-06 14:01:28
962,Definir Medida Corretiva,2024-11-06 14:01:28,2024-11-10 14:02:38
962,Fim,,
958,Início,2024-10-29 14:17:04,2024-10-29 14:17:04
958,Classificar Irregularidade,2024-10-29 14:17:05,2024-10-29 14:21:11
958,Levantar os Fatos,2024-10-29 14:21:11,2024-10-29 14:43:52
958,Definir Medida Corretiva,2024-10-29 14:43:52,2024-10-29 14:51:21
958,Fim,,
922,Início,2024-10-22 13:41:07,2024-10-22 13:41:07
922,Classificar Irregularidade,2024-10-22 13:41:07,2024-11-04 14:00:16
922,Levantar os Fatos,2024-11-04 14:00:16,2024-11-04 14:02:12
922,Definir Medida Corretiva,2024-11-04 14:02:12,2024-11-04 14:33:35
922,Fim,,
921,Início,2024-10-22 13:35:17,2024-10-22 13:35:17
921,Classificar Irregularidade,2024-10-22 13:35:17,2024-10-24 19:44:32
921,Levantar os Fatos,2024-10-24 19:44:32,2024-11-04 18:03:28
921,Classificar Irregularidade,2024-11-04 18:03:28,2024-11-04 18:04:50
921,Levantar os Fatos,2024-11-04 18:04:50,2024-11-04 19:53:18
921,Realizar Parecer Jurídico,2024-11-04 19:53:18,2024-11-04 20:02:55
921,Levantar os Fatos,2024-11-04 20:02:55,2024-11-12 14:28:53
921,Realizar Parecer Jurídico,2024-11-12 14:28:53,2024-11-12 14:30:02
921,Definir Medida Corretiva,2024-11-12 14:30:02,2024-11-12 14:31:28
921,Definir Medida Corretiva,2024-11-13 14:32:51,2024-11-13 19:36:36
921,Classificar Irregularidade,2024-11-13 19:36:36,2024-11-19 13:12:46
921,Levantar os Fatos,2024-11-19 13:12:46,2024-11-19 13:14:51
921,Realizar Parecer Jurídico,2024-11-19 13:14:51,2024-11-19 13:15:52
921,Definir Medida Corretiva,2024-11-19 13:15:52,2024-11-19 13:20:10
921,Fim,,
920,Início,2024-10-22 13:28:10,2024-10-22 13:28:11
920,Classificar Irregularidade,2024-10-22 13:28:11,2024-10-24 17:24:42
920,Levantar os Fatos,2024-10-24 17:24:42,2024-10-24 17:34:30
920,Realizar Parecer Técnico,2024-10-24 17:34:30,2024-10-24 19:43:16
916,Início,2024-10-21 19:56:04,2024-10-21 19:56:04
916,Classificar Irregularidade,2024-10-21 19:56:04,2024-10-21 20:00:17
916,Levantar os Fatos,2024-10-21 20:00:17,2024-10-21 20:07:19
916,Definir Medida Corretiva,2024-10-21 20:07:19,2024-10-21 20:09:14
916,Definir Medida Corretiva,2024-10-22 12:04:21,2024-10-22 20:39:29
916,Definir Medida Corretiva,2024-10-22 20:55:29,2024-10-29 19:36:19
916,Definir Medida Corretiva,2024-10-31 20:49:18,
895,Início,2024-10-15 15:03:17,2024-10-15 15:03:18
895,Classificar Irregularidade,2024-10-15 15:03:18,2024-10-15 15:06:16
895,Levantar os Fatos,2024-10-15 15:06:16,2024-10-15 15:15:23
895,Definir Medida Corretiva,2024-10-15 15:15:23,2024-10-15 15:17:06
895,Fim,,
894,Início,2024-10-15 12:06:11,2024-10-15 12:06:12
894,Classificar Irregularidade,2024-10-15 12:06:12,2024-10-15 12:06:56
894,Levantar os Fatos,2024-10-15 12:06:56,2024-10-15 12:08:03
894,Realizar Parecer Jurídico,2024-10-15 12:08:03,2024-10-15 12:17:40
894,Realizar Parecer Técnico,2024-10-15 12:08:03,2024-10-15 12:18:10
894,Definir Medida Corretiva,2024-10-15 12:18:10,2024-10-15 12:46:39
894,Aprovar Desligamento,2024-10-15 12:46:39,2024-10-15 18:13:33
894,Fim,,
